id poisson,image_id,position echo,surface_cavite,surface_gonade,volume_cavite,volume_gonade,echelle,augmentation_surface_gonade,augmentation_surface_cavite,surface_moyenne_oeufs,volume_moyen_oeufs
356302,0004575,œufs,,,,,3.1,,,0.02897426820633627,0.003710073505926478
356418,0004585,œufs,,,,,3.8,,,0.05411848596914104,0.009470703874850425
356430,0004592,0.0,3.4671895827130093,1.3150486729879982,18.624828862139218,11.345090074129487,3.8,0.0,0.0,,
356430,0004593,2.0,3.6379668286282127,2.2124946456578893,18.624828862139218,11.345090074129487,3.8,68.0,5.0,,
356430,0004594,4.0,2.6924363846969896,1.9941794115905875,18.624828862139218,11.345090074129487,3.8,-10.0,-26.0,,
356430,0004595,6.0,1.4124080498037936,0.9396187795054951,18.624828862139218,11.345090074129487,3.8,-53.0,-48.0,,
356430,0004591,œufs,,,,,3.8,,,0.05218590736267351,0.00896795992283346
356434,0004596,œufs,,,,,3.8,,,0.04067526535274273,0.006171054650116513
356859,0004645,œufs,,,,,3.8,,,0.042415948008145195,0.00657139491450057
356859,0004646,œufs,,,,,3.8,,,0.04843967233449091,0.008019837994535555
356868,0004650,œufs,,,,,3.8,,,0.05138976906634877,0.008763524383383263
356877,0004656,œufs,,,,,3.8,,,0.028515863115256113,0.003622376454104382
356918,0004662,œufs,,,,,3.8,,,0.02526009401271691,0.003020064679202913
356918,0004663,œufs,,,,,3.8,,,0.024438524047200354,0.0028739304925692465
356948,0004670,œufs,,,,,3.8,,,0.05027193816519137,0.008479148551816147
356948,0004671,œufs,,,,,3.8,,,0.05116757638666087,0.008706749910749866
356970,0004679,0.0,2.054533579231342,0.8215448978474684,8.69897334217391,3.368566885021108,3.8,0.0,0.0,,
356970,0004680,2.0,2.071671640294297,0.4538636777461642,8.69897334217391,3.368566885021108,3.8,-45.0,1.0,,
356970,0004681,4.0,1.377089746525462,0.9187556703032214,8.69897334217391,3.368566885021108,3.8,102.0,-34.0,,
356970,0004677,œufs,,,,,3.8,,,0.03061146299952278,0.0040289319257193305
356970,0004678,œufs,,,,,3.8,,,0.03932384920520784,0.005866077999037039
357291,0004722,œufs,,,,,3.8,,,0.04803796502237457,0.007920283054618064
357291,0004723,œufs,,,,,3.8,,,0.06455444536579884,0.012338234820935268
357302,0004729,œufs,,,,,3.8,,,0.03132522939487825,0.004170663874928775
357305,0004732,œufs,,,,,3.8,,,0.03722050050451396,0.005401782747490341
357305,0004733,œufs,,,,,3.8,,,0.047431795164305415,0.00777084314887062
362702,0004859,œufs,,,,,3.8,,,0.053547001566102766,0.009321086445229256
362725,0004866,œufs,,,,,3.8,,,0.019706130055382607,0.0020809699903677
362728,0004871,œufs,,,,,3.8,,,0.04878469484635478,0.008105675053458612
362791,0004877,œufs,,,,,3.8,,,0.06878810575377504,0.013571686705880314
362793,0004880,œufs,,,,,3.8,,,0.03617791426649302,0.00517641501329991
362876,0004890,œufs,,,,,3.8,,,0.0,0.0
363066,0004897,œufs,,,,,3.8,,,0.0471979260524313,0.007713441205263318
363066,0004898,œufs,,,,,3.8,,,0.03744264523888855,0.0054502143753521505
363346,0004986,œufs,,,,,3.1,,,0.02922601453379954,0.00375853149791888
363346,0004987,œufs,,,,,3.1,,,0.022973682704882974,0.0026194476787162035
363492,0005017,œufs,,,,,3.8,,,0.02695232834557305,0.003328574129616401
363529,0005021,œufs,,,,,3.8,,,0.0,0.0
363764,0005110,œufs,,,,,3.8,,,0.034679912113541496,0.0048582603277741564
363778,0005115,œufs,,,,,3.8,,,0.055631055380858684,0.00987051354553234
363778,0005116,œufs,,,,,3.8,,,0.04660938950729199,0.00756961727954531
405826,0005926,œufs,,,,,3.8,,,0.04532835960425348,0.007259702170812842
405924,0005957,œufs,,,,,3.8,,,0.07085077340520907,0.014186677404932131
406037,0005986,œufs,,,,,3.8,,,0.052068139866088436,0.008937620176634953
406037,0005988,œufs,,,,,3.8,,,0.08554500286067791,0.018821566565862476
406070,0006009,œufs,,,,,3.8,,,0.032379536256250216,0.004382982502838802
406070,0006010,œufs,,,,,3.8,,,0.05380738589921949,0.009389157848588514
406320,0006118,œufs,,,,,3.8,,,0.01599718634808971,0.0015220510044346692
406320,0006119,œufs,,,,,3.8,,,0.0,0.0
406377,0006147,œufs,,,,,3.8,,,0.04151902587074627,0.006364063926085246
406377,0006148,œufs,,,,,3.8,,,0.0,0.0
406377,0006149,œufs,,,,,3.8,,,0.0,0.0
406648,0006193,œufs,,,,,3.8,,,0.05921933864557307,0.010840745018793197
406703,0006218,œufs,,,,,3.8,,,0.04930134234661426,0.008234778395940117
406707,0006222,œufs,,,,,3.8,,,0.02479838477413155,0.0029376421550204716
406889,0006251,œufs,,,,,3.8,,,0.0598353818395407,0.01101034431694628
406915,0006260,œufs,,,,,3.8,,,0.06313348995121551,0.011933105940349348
406915,0006261,œufs,,,,,3.8,,,0.06136450139340346,0.011435090733603624
406915,0006262,œufs,,,,,3.8,,,0.0,0.0
406931,0006272,œufs,,,,,3.8,,,0.0,0.0
406931,0006273,œufs,,,,,3.8,,,0.029297242327169078,0.0037722799488596453
426711,0006932,2.0,3.9590548202000817,1.912070518204445,16.599696009783145,9.327928252245785,3.8,0.0,0.0,,
426711,0006933,4.0,3.9288027425477625,2.1762815770404234,16.599696009783145,9.327928252245785,3.8,14.0,-1.0,,
426711,0006934,6.0,1.9023832695959713,1.2519631050967754,16.599696009783145,9.327928252245785,3.8,-42.0,-52.0,,
426711,0006935,8.0,0.8739503069136,0.49633438817386893,16.599696009783145,9.327928252245785,3.8,-60.0,-54.0,,
426711,0006931,œufs,,,,,3.8,,,0.06602861008081615,0.012763272254191695
426729,0006937,œufs,,,,,3.8,,,0.02806462659791655,0.0035367364853405286
426729,0006938,œufs,,,,,3.8,,,0.05593595071627539,0.009951770136116048
426735,0006943,œufs,,,,,3.1,,,0.031038017437304277,0.00411343614042632
426770,0006953,œufs,,,,,3.8,,,0.06939402964560172,0.013751401463161162
427181,0007099,œufs,,,,,3.8,,,0.056642694251476756,0.010140973651548308
427184,0007106,œufs,,,,,3.1,,,0.036173228645217124,0.005175409402468688
427193,0007113,œufs,,,,,3.8,,,0.03737912133489584,0.005436350290488652
427202,0007121,0.0,1.7287277361980578,0.7216031533353585,4.119726181849121,1.6360053022034464,3.8,0.0,0.0,,
427202,0007122,2.0,1.5602850994241844,0.5976186076066669,4.119726181849121,1.6360053022034464,3.8,-17.0,-10.0,,
427202,0007120,œufs,,,,,3.8,,,0.04227601300677058,0.006538902090143152
427237,0007131,0.0,2.4915589284192756,0.7021806876994912,9.853985892549801,4.804979009026711,3.8,0.0,0.0,,
427237,0007132,2.0,2.598504994424804,1.3227972972058188,9.853985892549801,4.804979009026711,3.8,88.0,4.0,,
427237,0007133,4.0,1.3924906115325848,0.9379292572540492,9.853985892549801,4.804979009026711,3.8,-29.0,-46.0,,
427237,0007130,œufs,,,,,3.8,,,0.03304434439253488,0.004518658389786819
427242,0007134,œufs,,,,,3.8,,,0.058443328169565614,0.010628358863950188
427266,0007139,œufs,,,,,3.8,,,0.036306138168294345,0.005203959217282688
427276,0007146,œufs,,,,,3.8,,,0.06351383979146366,0.012041105293712134
427305,0007153,œufs,,,,,3.8,,,0.08103351355883305,0.0173524501449164
427305,0007156,œufs,,,,,3.8,,,0.0870430205566845,0.01931811425988491
