id poisson,position echo,surface_cavite,surface_gonade,volume_cavite,volume_gonade,echelle,augmentation_surface_gonade,augmentation_surface_cavite,surface_moyenne_oeufs,volume_moyen_oeufs
356302,1.0,1.3354554070366753,0.41276349894205744,3.8243143296960165,1.4483921413333494,3.1,0.0,0.0,,
356302,3.0,1.0946856604682074,0.425495226816493,3.8243143296960165,1.4483921413333494,3.1,3.0,-18.0,,
356302,4.0,0.5643421402245224,0.2613490096608293,3.8243143296960165,1.4483921413333494,3.1,-39.0,-48.0,,
356302,œufs,,,,,3.1,,,0.03140490442189693,0.004186585975350058
356418,0.0,1.6807669814019093,0.7379418185058151,8.699848575904873,5.726511787428103,3.8,0.0,0.0,,
356418,2.0,1.890160217285156,1.1720249675583332,8.699848575904873,5.726511787428103,3.8,59.0,12.0,,
356418,4.0,1.1284555053710932,0.9945837906901036,8.699848575904873,5.726511787428103,3.8,-15.0,-40.0,,
356418,6.0,0.6021802573242191,0.41325817962534733,8.699848575904873,5.726511787428103,3.8,-58.0,-47.0,,
356418,œufs,,,,,3.8,,,0.060694507987240444,0.011248325960192101
356430,0.0,2.2529694281684023,0.9519656372070313,11.526832608019303,7.487346161079003,3.8,0.0,0.0,,
356430,2.0,2.2606365856756074,1.4221231275578121,11.526832608019303,7.487346161079003,3.8,49.0,0.0,,
356430,4.0,1.6235525512695308,1.2984821573893224,11.526832608019303,7.487346161079003,3.8,-9.0,-28.0,,
356430,6.0,0.8530833265516491,0.6277947206412329,11.526832608019303,7.487346161079003,3.8,-52.0,-47.0,,
356430,œufs,,,,,3.8,,,0.06613936766979144,0.01279539973438845
356434,0.0,2.274965495822481,1.2164553584333315,11.473187666824508,7.174567142040991,3.8,0.0,0.0,,
356434,2.0,2.425946146647135,1.180482690528819,11.473187666824508,7.174567142040991,3.8,-3.0,7.0,,
356434,4.0,1.5730709160698781,1.3923108049153647,11.473187666824508,7.174567142040991,3.8,18.0,-35.0,,
356434,6.0,0.9018463338216144,0.6192943022446173,11.473187666824508,7.174567142040991,3.8,-56.0,-43.0,,
356434,œufs,,,,,3.8,,,0.044780711746050125,0.007128535032507664
356859,0.0,1.684451226128472,0.7543040645057277,6.613133023899959,3.677799123897482,3.8,0.0,0.0,,
356859,2.0,1.6913795979817705,0.9867450407012153,6.613133023899959,3.677799123897482,3.8,31.0,0.0,,
356859,4.0,1.1182955254448783,0.6886507839626734,6.613133023899959,3.677799123897482,3.8,-30.0,-34.0,,
356859,œufs,,,,,3.8,,,0.07926751203315865,0.016788296900512704
356868,0.0,1.5778693500683154,0.3114613223711802,8.8868347843103,5.234275378301282,3.8,0.0,0.0,,
356868,2.0,1.8869631776258675,1.1256026104275172,8.8868347843103,5.234275378301282,3.8,261.0,20.0,,
356868,4.0,1.3324420459465267,1.0486323377821178,8.8868347843103,5.234275378301282,3.8,-7.0,-29.0,,
356868,6.0,0.8279192253689237,0.6164614188910588,8.8868347843103,5.234275378301282,3.8,-41.0,-38.0,,
356868,œufs,,,,,3.8,,,0.05623240775503448,0.0100309905092124
356877,0.0,0.8379753699124998,0.378436567929688,2.1169315568005893,1.1124768536246834,3.8,0.0,0.0,,
356877,2.0,0.8163849894205727,0.469581535031684,2.1169315568005893,1.1124768536246834,3.8,24.0,-3.0,,
356877,œufs,,,,,3.8,,,0.035976504626301295,0.005133248035814754
356918,0.0,1.5261636352539059,0.315849378620399,6.104025583455536,1.017179855919123,3.8,0.0,0.0,,
356918,2.0,1.6978791900795132,0.08022301607751682,6.104025583455536,1.017179855919123,3.8,-75.0,11.0,,
356918,4.0,0.8238247511789075,0.4056556776255206,6.104025583455536,1.017179855919123,3.8,406.0,-51.0,,
356918,œufs,,,,,3.8,,,0.02712897232031308,0.003361350605821326
356918,œufs,,,,,3.8,,,0.029673819571179996,0.00384524466049116
356948,0.0,2.077108840507378,0.6592707277654513,10.477817948876815,5.458090431987376,3.8,0.0,0.0,,
356948,2.0,2.0809525560438358,1.2427062585456592,10.477817948876815,5.458090431987376,3.8,88.0,0.0,,
356948,4.0,1.4976544867621526,0.7769446818033853,10.477817948876815,5.458090431987376,3.8,-37.0,-28.0,,
356948,6.0,0.7789529009874128,0.49144733912612815,10.477817948876815,5.458090431987376,3.8,-37.0,-48.0,,
356948,œufs,,,,,3.8,,,0.06266215393628533,0.011799722094807626
356948,œufs,,,,,3.8,,,0.05709300959991322,0.01026214639400028
356970,0.0,1.3162927246093747,0.5317188332928816,5.586036128732439,1.9099262317504695,3.8,0.0,0.0,,
356970,2.0,1.3359912860427945,0.1866989550894964,5.586036128732439,1.9099262317504695,3.8,-65.0,1.0,,
356970,4.0,0.880135803222656,0.5841969507580733,5.586036128732439,1.9099262317504695,3.8,213.0,-34.0,,
356970,œufs,,,,,3.8,,,0.05244744957508644,0.00903546195087815
356970,œufs,,,,,3.8,,,0.03932384920520784,0.005866077999037039
357291,0.0,2.289394486607291,0.5131176423857632,11.737026611477233,6.566574751603235,3.8,0.0,0.0,,
357291,2.0,2.290184074424911,1.2757241045354166,11.737026611477233,6.566574751603235,3.8,149.0,0.0,,
357291,4.0,1.57232421875,1.2337686870110247,11.737026611477233,6.566574751603235,3.8,-3.0,-31.0,,
357291,6.0,0.8886677381727429,0.5670702071926217,11.737026611477233,6.566574751603235,3.8,-54.0,-43.0,,
357291,œufs,,,,,3.8,,,0.0576131493364599,0.010402703592133628
357291,œufs,,,,,3.8,,,0.0704309902585075,0.014060782557957759
357302,0.0,0.8322614881727429,0.28983802102951456,1.6713117625571963,0.5461046415439689,3.8,0.0,0.0,,
357302,2.0,0.7411156135568565,0.2272362993706596,1.6713117625571963,0.5461046415439689,3.8,-22.0,-11.0,,
357302,œufs,,,,,3.8,,,0.03132522939487825,0.004170663874928775
357305,0.0,1.4913328503038192,0.6230330451544276,5.428372562064775,2.4064703281685262,3.8,0.0,0.0,,
357305,2.0,1.4996497599283851,0.6470315890842012,5.428372562064775,2.4064703281685262,3.8,4.0,1.0,,
357305,4.0,0.8539787323062503,0.4378546355710936,5.428372562064775,2.4064703281685262,3.8,-32.0,-43.0,,
357305,œufs,,,,,3.8,,,0.03722050050451396,0.005401782747490341
357305,œufs,,,,,3.8,,,0.07970315777682355,0.016926886903107338
362702,œufs,,,,,3.8,,,0.05244124438619634,0.009033858486166706
362725,œufs,,,,,3.8,,,0.0,0.0
362728,œufs,,,,,3.8,,,0.05327834961224054,0.009251026932068826
362791,œufs,,,,,3.8,,,0.03156361057430547,0.0042183616979273595
362793,œufs,,,,,3.8,,,0.03617791426649302,0.00517641501329991
362876,œufs,,,,,3.8,,,0.0,0.0
363066,œufs,,,,,3.8,,,0.05036320260026101,0.00850224878934984
363066,œufs,,,,,3.8,,,0.03744264523888855,0.0054502143753521505
363346,œufs,,,,,3.1,,,0.03344521885034659,0.004601133808550622
363346,œufs,,,,,3.1,,,0.022973682704882974,0.0026194476787162035
363492,œufs,,,,,3.8,,,0.02695232834557305,0.003328574129616401
363529,œufs,,,,,3.8,,,0.0,0.0
363764,œufs,,,,,3.8,,,0.034679912113541496,0.0048582603277741564
363778,œufs,,,,,3.8,,,0.06790922858159637,0.013312419539811476
363778,œufs,,,,,3.8,,,0.04660938950729199,0.00756961727954531
405826,œufs,,,,,3.8,,,0.05362511866006922,0.009341490996196125
405924,œufs,,,,,3.8,,,0.07118473619739653,0.014287101172763477
406037,œufs,,,,,3.8,,,0.05433948874331699,0.009528776098613986
406037,œufs,,,,,3.8,,,0.08554500286067791,0.018821566565862476
406070,œufs,,,,,3.8,,,0.03883674701666742,0.005757422084552746
406070,œufs,,,,,3.8,,,0.05380738589921949,0.009389157848588514
406320,œufs,,,,,3.8,,,0.01599718634808971,0.0015220510044346692
406320,œufs,,,,,3.8,,,0.0,0.0
406377,œufs,,,,,3.8,,,0.04151902587074627,0.006364063926085246
406377,œufs,,,,,3.8,,,0.0,0.0
406377,œufs,,,,,3.8,,,0.0,0.0
406648,œufs,,,,,3.8,,,0.0667574274655381,0.012975173956432922
406703,œufs,,,,,3.8,,,0.04930134234661426,0.008234778395940117
406707,œufs,,,,,3.8,,,0.02479838477413155,0.0029376421550204716
406889,œufs,,,,,3.8,,,0.06260960490234452,0.01178488218087348
406915,œufs,,,,,3.8,,,0.06313348995121551,0.011933105940349348
406915,œufs,,,,,3.8,,,0.06136450139340346,0.011435090733603624
406915,œufs,,,,,3.8,,,0.0,0.0
406931,œufs,,,,,3.8,,,0.0,0.0
406931,œufs,,,,,3.8,,,0.029297242327169078,0.0037722799488596453
426687,0.0,1.688631566424739,0.6982459057787308,6.196913612408056,2.720687284953693,3.8,0.0,0.0,,
426687,2.0,1.6081932386346347,0.6550960049989591,6.196913612408056,2.720687284953693,3.8,-6.0,-5.0,,
426687,4.0,0.8502987871774312,0.45849534799730945,6.196913612408056,2.720687284953693,3.8,-30.0,-47.0,,
426711,2.0,2.563834381516579,1.402805679966404,9.897216546330784,5.3973253335463545,3.8,0.0,0.0,,
426711,4.0,2.1488235134548606,1.0805444675021698,9.897216546330784,5.3973253335463545,3.8,-23.0,-16.0,,
426711,6.0,1.1526973382627594,0.7298689503965268,9.897216546330784,5.3973253335463545,3.8,-32.0,-46.0,,
426711,8.0,0.6120148458579859,0.3154992507997389,9.897216546330784,5.3973253335463545,3.8,-57.0,-47.0,,
426711,œufs,,,,,3.8,,,0.07295565400564272,0.014823550347876076
426729,0.0,1.7113017675783853,0.6504178295015632,7.200583903302524,3.7448055022043416,3.8,0.0,0.0,,
426729,2.0,1.536390302252602,0.9006987703817718,7.200583903302524,3.7448055022043416,3.8,38.0,-10.0,,
426729,4.0,0.8273916798051215,0.48397873074149206,7.200583903302524,3.7448055022043416,3.8,-46.0,-46.0,,
426729,6.0,0.4467096798734373,0.20353060067777695,7.200583903302524,3.7448055022043416,3.8,-58.0,-46.0,,
426729,œufs,,,,,3.8,,,0.02806462659791655,0.0035367364853405286
426729,œufs,,,,,3.8,,,0.060507401812586306,0.01119635235180842
426735,0.0,1.120705574883355,0.3943098128550775,4.214517814351784,1.831105241864104,3.1,0.0,0.0,,
426735,2.0,1.0539450242784287,0.4638452996148003,4.214517814351784,1.831105241864104,3.1,18.0,-6.0,,
426735,4.0,0.5525525156656901,0.28228430006239147,4.214517814351784,1.831105241864104,3.1,-39.0,-48.0,,
426735,œufs,,,,,3.1,,,0.031038017437304277,0.00411343614042632
426770,0.0,1.9262342664930552,0.35462401768663193,8.870821522066043,4.447284426755258,3.8,0.0,0.0,,
426770,2.0,2.237557301703558,1.08630873578559,8.870821522066043,4.447284426755258,3.8,206.0,16.0,,
426770,4.0,1.4987684122721352,1.1924388970269095,8.870821522066043,4.447284426755258,3.8,10.0,-33.0,,
426770,œufs,,,,,3.8,,,0.05747925095807208,0.010366459378786507
427181,0.0,2.7894670583445307,0.47751526079887213,22.67634771858582,13.759358604154945,3.8,0.0,0.0,,
427181,2.0,2.9670700583826375,1.7024903012092873,22.67634771858582,13.759358604154945,3.8,257.0,6.0,,
427181,4.0,2.930619956665537,1.7269667446165813,22.67634771858582,13.759358604154945,3.8,1.0,-1.0,,
427181,6.0,2.3036150671722204,1.870205799984722,22.67634771858582,13.759358604154945,3.8,8.0,-21.0,,
427181,8.0,1.2910438821863721,1.0269332137803824,22.67634771858582,13.759358604154945,3.8,-45.0,-44.0,,
427181,10.0,0.7977656131697911,0.6573256783481771,22.67634771858582,13.759358604154945,3.8,-36.0,-38.0,,
427181,œufs,,,,,3.8,,,0.06005749425000042,0.01107170773094963
427184,0.0,1.9710435848238717,0.4383847473664286,12.120824998705626,5.7893470530918965,3.1,0.0,0.0,,
427184,2.0,1.9194616178533863,0.7878821178138461,12.120824998705626,5.7893470530918965,3.1,80.0,-3.0,,
427184,4.0,1.672645882892166,0.8074426228875442,12.120824998705626,5.7893470530918965,3.1,2.0,-13.0,,
427184,6.0,1.0221209764322916,0.7984334981271045,12.120824998705626,5.7893470530918965,3.1,-1.0,-39.0,,
427184,8.0,0.6574047089635207,0.41030700930303854,12.120824998705626,5.7893470530918965,3.1,-49.0,-36.0,,
427184,œufs,,,,,3.1,,,0.039286120228928065,0.00585763777659822
427193,œufs,,,,,3.8,,,0.047091850370225605,0.007687452288684552
427202,0.0,1.0622995678013025,0.4267798058098105,2.6520750782025297,1.0665705062163782,3.8,0.0,0.0,,
427202,2.0,1.0368436709139774,0.4172664599888022,2.6520750782025297,1.0665705062163782,3.8,-2.0,-2.0,,
427202,œufs,,,,,3.8,,,0.0,0.0
427237,0.0,1.5819937681115448,0.3554446320127604,6.621963992620731,2.5433825359448834,3.8,0.0,0.0,,
427237,2.0,1.7325053922558165,0.5964018744108494,6.621963992620731,2.5433825359448834,3.8,68.0,10.0,,
427237,4.0,1.0055352077441841,0.628505623902343,6.621963992620731,2.5433825359448834,3.8,5.0,-42.0,,
427237,œufs,,,,,3.8,,,0.03021850962664951,0.003951603505524921
427242,œufs,,,,,3.8,,,0.06843740426588531,0.013468030578724411
427266,0.0,1.4546030266399306,0.5045164000735244,6.939388105820229,4.305428923077862,3.8,0.0,0.0,,
427266,2.0,1.5356626044379338,1.1420551893446178,6.939388105820229,4.305428923077862,3.8,126.0,6.0,,
427266,4.0,0.9261494954427079,0.6725294664171005,6.939388105820229,4.305428923077862,3.8,-41.0,-40.0,,
427266,6.0,0.42245930989583325,0.19323547363281268,6.939388105820229,4.305428923077862,3.8,-71.0,-54.0,,
427266,œufs,,,,,3.8,,,0.04991387364045086,0.008388720278860229
427276,0.0,2.2091409884982633,0.23827936542508696,11.408657374362564,4.243234634036872,3.8,0.0,0.0,,
427276,2.0,2.1597301907009543,0.8041220003906252,11.408657374362564,4.243234634036872,3.8,237.0,-2.0,,
427276,4.0,1.7098266940646698,0.7704325018988714,11.408657374362564,4.243234634036872,3.8,-4.0,-21.0,,
427276,6.0,0.8442371187897569,0.5113520760891491,11.408657374362564,4.243234634036872,3.8,-34.0,-51.0,,
427276,œufs,,,,,3.8,,,0.0612549589203994,0.011404485035612193
427305,2.0,1.9880387708875864,1.5408527628580726,3.514410868714833,2.7556964671427444,3.8,0.0,0.0,,
427305,4.0,1.1716048177083331,0.9302869330512151,3.514410868714833,2.7556964671427444,3.8,-40.0,-41.0,,
427305,œufs,,,,,3.8,,,0.08416002025000062,0.01836633693192313
427305,œufs,,,,,3.8,,,0.0901937477390623,0.020376446566550056
