Id_poisson,Id_image,Surface_cavité_cm2,Surface_gonades_cm2,Rayon_gonades_cm,Volume_total_gonades_cm3,Volume_total_cavité_cm3,Position
406037,5989,,,,,,
406037,5990,,,,,,
406037,5991,,,,,,
406037,5992,,,,,,
427237,7131,1.571,0.3631,0.34,2.9248,,
427237,7132,1.7586,0.6281,0.4471,2.9248,,
427237,7133,1.0294,0.8262,0.5128,2.9248,,
362702,4860,,,,,,
362702,4861,,,,,,
362702,4862,,,,,,
362702,4863,,,,,,
406915,6263,,,,,,
406915,6264,,,,,,
406915,6265,,,,,,
406915,6267,,,,,,
406915,6266,,,,,,
405826,5928,,,,,,
405826,5929,,,,,,
405826,5930,,,,,,
405826,5931,,,,,,
426687,6926,1.7767,0.6657,0.4603,2.6126,6.3717,
426687,6928,1.6391,0.6616,0.4589,2.6126,6.3717,
426687,6929,0.867,0.4048,0.359,2.6126,6.3717,
427181,7100,1.8319,0.3559,0.3366,12.4524,21.0103,
427181,7101,2.6564,1.5173,0.695,12.4524,21.0103,
427181,7102,2.6807,1.5428,0.7008,12.4524,21.0103,
427181,7103,2.3462,1.6711,0.7293,12.4524,21.0103,
427181,7104,1.3822,1.0448,0.5767,12.4524,21.0103,
427181,7105,0.9198,0.5886,0.4329,12.4524,21.0103,
421713,6469,4.9169,2.5307,0.8975,10.2162,16.5804,2.0
421713,6470,2.8547,1.5794,0.709,10.2162,16.5804,4.0
421713,6471,1.973,1.4471,0.6787,10.2162,16.5804,6.0
421713,6472,1.1592,0.9063,0.5371,10.2162,16.5804,8.0
421717,6474,2.072,0.8276,0.5133,5.4439,9.0204,0.0
421717,6475,1.7948,1.0988,0.5914,5.4439,9.0204,2.0
421717,6476,1.2245,0.8815,0.5297,5.4439,9.0204,4.0
421717,6477,0.6415,0.4592,0.3823,5.4439,9.0204,6.0
421737,6486,1.7482,0.9165,0.5401,5.9954,9.3735,0.0
421737,6487,2.0112,1.1949,0.6167,5.9954,9.3735,2.0
421737,6488,1.329,1.0096,0.5669,5.9954,9.3735,4.0
421737,6489,0.6722,0.4746,0.3887,5.9954,9.3735,6.0
421755,6494,1.5474,0.5533,0.4197,3.1246,5.6519,0.0
421755,6495,1.4799,0.9208,0.5414,3.1246,5.6519,2.0
421755,6496,0.7874,0.5102,0.403,3.1246,5.6519,4.0
422069,6676,2.6896,1.0928,0.5898,13.3198,23.7284,0.0
422069,6677,3.3234,1.4437,0.6779,13.3198,23.7284,2.0
422069,6678,3.173,1.7405,0.7443,13.3198,23.7284,4.0
422069,6679,2.076,1.4871,0.688,13.3198,23.7284,6.0
422069,6680,1.4858,1.1483,0.6046,13.3198,23.7284,8.0
422069,6681,0.7708,0.4925,0.3959,13.3198,23.7284,10.0
422078,6684,1.7959,0.6883,0.4681,5.3095,8.8037,0.0
422078,6685,1.8511,1.0806,0.5865,5.3095,8.8037,2.0
422078,6686,1.1851,0.9281,0.5435,5.3095,8.8037,4.0
422078,6687,0.6192,0.4095,0.361,5.3095,8.8037,6.0
422080,6691,2.2514,0.6262,0.4464,11.9267,19.4668,0.0
422080,6692,2.7714,1.5579,0.7042,11.9267,19.4668,2.0
422080,6693,2.497,1.5656,0.7059,11.9267,19.4668,4.0
422080,6694,1.8477,1.4456,0.6783,11.9267,19.4668,6.0
422080,6695,1.2331,0.9325,0.5448,11.9267,19.4668,8.0
422080,6696,0.5696,0.3974,0.3556,11.9267,19.4668,10.0
356302,4572,1.3542,0.3942,0.3542,1.4727,3.8891,1.0
356302,4573,1.1164,0.4439,0.3759,1.4727,3.8891,3.0
356302,4574,0.5733,0.2717,0.2941,1.4727,3.8891,4.0
356418,4586,1.7205,0.761,0.4922,5.9138,8.8808,0.0
356418,4587,1.9175,1.1934,0.6163,5.9138,8.8808,2.0
356418,4588,1.1573,0.9946,0.5627,5.9138,8.8808,4.0
356418,4589,0.6187,0.4773,0.3898,5.9138,8.8808,6.0
356430,4592,2.3039,0.9845,0.5598,7.6875,11.7644,0.0
356430,4593,2.2929,1.4534,0.6802,7.6875,11.7644,2.0
356430,4594,1.6533,1.3358,0.6521,7.6875,11.7644,4.0
356430,4595,0.8863,0.6448,0.453,7.6875,11.7644,6.0
356859,4647,1.7104,0.7742,0.4964,4.2932,6.7114,0.0
356859,4648,1.7158,1.2894,0.6406,4.2932,6.7114,2.0
356859,4649,1.1352,0.7078,0.4746,4.2932,6.7114,4.0
356868,4652,1.5199,0.2236,0.2668,5.2135,8.918,0.0
356868,4653,1.9144,1.143,0.6032,5.2135,8.918,2.0
356868,4654,1.3428,1.0597,0.5808,5.2135,8.918,4.0
356868,4655,0.8431,0.6542,0.4563,5.2135,8.918,6.0
356877,4657,0.8371,0.4217,0.3664,1.1692,2.1606,0.0
356877,4658,0.8448,0.4775,0.3899,1.1692,2.1606,2.0
356918,4664,1.5665,0.3281,0.3232,2.7408,6.0191,0.0
356918,4665,1.5411,0.8374,0.5163,2.7408,6.0191,2.0
356918,4666,0.9306,0.526,0.4092,2.7408,6.0191,4.0
356948,4672,2.0624,0.6576,0.4575,5.6416,10.614,0.0
356948,4673,2.105,1.2642,0.6344,5.6416,10.614,2.0
356948,4674,1.5319,0.7942,0.5028,5.6416,10.614,4.0
356948,4675,0.7995,0.5551,0.4203,5.6416,10.614,6.0
356434,0004597,2.0684,0.8811,0.5296,5.9077,10.9898,0.0
356434,0004598,2.2888,1.0248,0.5712,5.9077,10.9898,2.0
356434,0004599,1.5356,1.1014,0.5921,5.9077,10.9898,4.0
356434,0004600,0.9452,0.5748,0.4277,5.9077,10.9898,6.0
