id poisson,image_id,position echo,surface_cavite,surface_gonade,volume_cavite,volume_gonade,echelle,augmentation_surface_gonade,augmentation_surface_cavite,surface_moyenne_oeufs_mm2,volume_moyen_oeufs_mm3
356302,0004572,1.0,2.243291979953253,1.0465540233636814,6.9351854188598825,3.786609227023612,3.1,0.0,0.0,,
356302,0004573,3.0,1.7428914378600966,1.0774304495177822,6.9351854188598825,3.786609227023612,3.1,3.0,-22.0,,
356302,0004574,4.0,0.8895613919080279,0.516599491271847,6.9351854188598825,3.786609227023612,3.1,-52.0,-49.0,,
356302,0004575,œufs,,,,,3.1,,,5.271957354797287,9.105873927093741
356418,0004586,0.0,2.7785701119530075,1.2578745495531785,13.846521341331304,8.68132417276201,3.8,0.0,0.0,,
356418,0004587,2.0,2.871458552296828,1.8438696123507723,13.846521341331304,8.68132417276201,3.8,47.0,3.0,,
356418,0004588,4.0,1.7822750308814366,1.279432546105544,13.846521341331304,8.68132417276201,3.8,-31.0,-38.0,,
356418,0004589,6.0,1.0586853031330643,0.7152444335467253,13.846521341331304,8.68132417276201,3.8,-44.0,-41.0,,
356418,0004585,œufs,,,,,3.8,,,9.771733142556354,22.978474731919945
356430,0004591,œufs,,,,,3.8,,,7.944749252586132,16.845507232447304
356434,0004597,0.0,3.5687221940295815,1.3574685453548543,17.39058306151716,10.029546059629105,3.8,0.0,0.0,,
356434,0004598,2.0,3.524213630525082,2.0194645063675796,17.39058306151716,10.029546059629105,3.8,49.0,-1.0,,
356434,0004599,4.0,2.4075610113108485,1.7690117264387215,17.39058306151716,10.029546059629105,3.8,-12.0,-32.0,,
356434,0004600,6.0,1.452643503854373,0.8404708743303149,17.39058306151716,10.029546059629105,3.8,-52.0,-40.0,,
356434,0004596,œufs,,,,,3.8,,,7.8662295203546435,16.596393423064924
356859,0004647,0.0,2.7648098247306945,1.0670792348454685,10.498519514674435,4.407175038072279,3.8,0.0,0.0,,
356859,0004648,2.0,2.747326489097281,1.085011656394587,10.498519514674435,4.407175038072279,3.8,2.0,-1.0,,
356859,0004649,4.0,1.633601985541146,0.8395268609379712,10.498519514674435,4.407175038072279,3.8,-23.0,-41.0,,
356859,0004645,œufs,,,,,3.8,,,7.393857660304204,15.124130943221951
356859,0004646,œufs,,,,,3.8,,,8.846781358271956,19.794372622788085
356868,0004652,0.0,2.3987180815260776,0.33589050205362714,14.927028835301583,7.352543588278834,3.8,0.0,0.0,,
356868,0004653,2.0,3.017100836933311,1.7084611529935763,14.927028835301583,7.352543588278834,3.8,409.0,26.0,,
356868,0004654,4.0,2.5429701482409945,1.6106543821006125,14.927028835301583,7.352543588278834,3.8,-6.0,-16.0,,
356868,0004655,6.0,1.3533968562937844,0.5824185162440226,14.927028835301583,7.352543588278834,3.8,-64.0,-47.0,,
356868,0004650,œufs,,,,,3.8,,,9.953520323963788,23.622663393945054
356877,0004657,0.0,1.375202347640108,0.614805485091976,3.494401908303678,1.609308801220402,3.8,0.0,0.0,,
356877,0004658,2.0,1.3527003173157348,0.6348234668305338,3.494401908303678,1.609308801220402,3.8,3.0,-2.0,,
356877,0004656,œufs,,,,,3.8,,,0.0,0.0
356918,0004664,0.0,2.3835689438501855,0.5416871795493062,9.295571690203857,1.9239839187969425,3.8,0.0,0.0,,
356918,0004665,2.0,2.468807875423811,0.20579587927173237,9.295571690203857,1.9239839187969425,3.8,-62.0,4.0,,
356918,0004666,4.0,1.3533961638765328,0.6971636585181333,9.295571690203857,1.9239839187969425,3.8,239.0,-45.0,,
356918,0004662,œufs,,,,,3.8,,,9.849572946907012,23.25358415664285
356918,0004663,œufs,,,,,3.8,,,9.988040251969018,23.74565896113852
356948,0004672,0.0,3.1784385560596484,1.0554058569225326,16.58284209920258,9.11351301856842,3.8,0.0,0.0,,
356948,0004673,2.0,3.2094344064306153,1.9876235264631694,16.58284209920258,9.11351301856842,3.8,88.0,1.0,,
356948,0004674,4.0,2.412427989735148,1.4131027136515737,16.58284209920258,9.11351301856842,3.8,-29.0,-25.0,,
356948,0004675,6.0,1.339139896087632,0.8097225122071724,16.58284209920258,9.11351301856842,3.8,-43.0,-44.0,,
356948,0004670,œufs,,,,,3.8,,,9.231741665995612,21.100330838507144
356948,0004671,œufs,,,,,3.8,,,7.722695954914375,16.144225145221007
356970,0004677,œufs,,,,,3.8,,,5.419396425503956,9.49052376630815
356970,0004678,œufs,,,,,3.8,,,7.297020783410607,14.827986265234863
357291,0004724,0.0,3.588143941381331,0.8586011755072538,18.409267346263817,10.441528332024683,3.8,0.0,0.0,,
357291,0004725,2.0,3.4954533796834113,1.9680520441571465,18.409267346263817,10.441528332024683,3.8,129.0,-3.0,,
357291,0004726,4.0,2.486343271993547,2.029249938947412,18.409267346263817,10.441528332024683,3.8,3.0,-29.0,,
357291,0004727,6.0,1.4655089954713054,0.8721626265095174,18.409267346263817,10.441528332024683,3.8,-57.0,-41.0,,
357291,0004722,œufs,,,,,3.8,,,8.963181919511282,20.186318296284938
357291,0004723,œufs,,,,,3.8,,,9.676346952964307,22.642842629254044
357302,0004730,0.0,1.313508029812773,0.402104444509572,2.676880607468884,0.8573162391684014,3.8,0.0,0.0,,
357302,0004731,2.0,1.203680824703707,0.4016575024236537,2.676880607468884,0.8573162391684014,3.8,-0.0,-8.0,,
357302,0004729,œufs,,,,,3.8,,,7.447738487496049,15.289751554202322
357305,0004734,0.0,2.363351674699332,0.7544372773554948,8.497276955469053,3.9396571618978715,3.8,0.0,0.0,,
357305,0004735,2.0,2.333200683034804,1.1989621153426406,8.497276955469053,3.9396571618978715,3.8,59.0,-1.0,,
357305,0004736,4.0,1.3355634339406675,0.7270166706169053,8.497276955469053,3.9396571618978715,3.8,-39.0,-43.0,,
357305,0004732,œufs,,,,,3.8,,,5.10642092455725,8.680379583397484
357305,0004733,œufs,,,,,3.8,,,10.610171837882724,25.998448210585664
362725,0004866,œufs,,,,,3.8,,,8.667969484762596,19.197287141899547
362728,0004871,œufs,,,,,3.8,,,9.220038700700554,21.060220612452092
362791,0004877,œufs,,,,,3.8,,,0.0,0.0
362876,0004890,œufs,,,,,3.8,,,4.982207072264108,8.365587788863573
363066,0004897,œufs,,,,,3.8,,,0.0,0.0
363066,0004898,œufs,,,,,3.8,,,0.0,0.0
363346,0004986,œufs,,,,,3.1,,,5.322355913739208,9.23676022261794
363346,0004987,œufs,,,,,3.1,,,4.761465823995095,7.815824652892761
363492,0005017,œufs,,,,,3.8,,,8.52476799224813,18.723526622254564
363529,0005021,œufs,,,,,3.8,,,8.15137830364382,17.506945264882585
363764,0005110,œufs,,,,,3.8,,,8.330194240706625,18.08616516910984
363778,0005115,œufs,,,,,3.8,,,10.38168528824948,25.163183779190252
363778,0005116,œufs,,,,,3.8,,,9.780677973130949,23.010032940101965
406037,0005986,œufs,,,,,3.8,,,9.535290396725305,22.14953872495339
406037,0005988,œufs,,,,,3.8,,,11.226140412903959,28.294987418372337
406070,0006009,œufs,,,,,3.8,,,7.852251296793802,16.552175604438247
406070,0006010,œufs,,,,,3.8,,,8.483354754778693,18.58725440332238
406320,0006118,œufs,,,,,3.8,,,8.45737893913071,18.501949239746928
406320,0006119,œufs,,,,,3.8,,,9.219354153797369,21.057875214291983
406648,0006193,œufs,,,,,3.8,,,7.550354067901343,15.606832784763776
406707,0006222,œufs,,,,,3.8,,,13.205652979054584,36.099702358426384
406889,0006251,œufs,,,,,3.8,,,11.073677478866628,27.72053488765367
406915,0006260,œufs,,,,,3.8,,,8.914338058634087,20.021538656934926
406915,0006261,œufs,,,,,3.8,,,7.986735522532227,16.97922076297627
406915,0006262,œufs,,,,,3.8,,,8.878737091611752,19.901719215596533
406931,0006272,œufs,,,,,3.8,,,9.84273878936262,23.229386495173884
406931,0006273,œufs,,,,,3.8,,,7.330554704438714,14.930318033254537
426687,0006926,0.0,,,,,,0.0,0.0,,
426687,0006928,2.0,,,,,,,,,
426687,0006929,4.0,,,,,,,,,
426711,0006931,œufs,,,,,3.8,,,7.9914365693253675,16.994214095785193
426729,0006939,0.0,2.50655845086776,0.6654728352448791,10.92827070048352,5.106239971570486,3.8,0.0,0.0,,
426729,0006940,2.0,2.2483581366522913,1.0370765737970666,10.92827070048352,5.106239971570486,3.8,56.0,-10.0,,
426729,0006941,4.0,1.388614831145229,0.8283000009211462,10.92827070048352,5.106239971570486,3.8,-20.0,-38.0,,
426729,0006942,6.0,0.6696450226242378,0.4101015534507183,10.92827070048352,5.106239971570486,3.8,-50.0,-52.0,,
426729,0006937,œufs,,,,,3.8,,,5.737184563776023,10.337416917883456
426729,0006938,œufs,,,,,3.8,,,7.438583699332007,15.261568889014315
426735,0006944,0.0,1.7138658583178055,0.7791804879388385,6.61556625377799,3.526228116605492,3.1,0.0,0.0,,
426735,0006945,2.0,1.6458651932195245,0.8762068582269631,6.61556625377799,3.526228116605492,3.1,12.0,-4.0,,
426735,0006946,4.0,0.8986856905531857,0.5499226565420158,6.61556625377799,3.526228116605492,3.1,-37.0,-45.0,,
426770,0006954,0.0,2.771467189692078,0.6494765767691772,13.59466004861863,8.20415776354519,3.8,0.0,0.0,,
426770,0006955,2.0,3.4884986033125065,2.3281319633608746,13.59466004861863,8.20415776354519,3.8,258.0,26.0,,
426770,0006956,4.0,2.3388629248977018,1.8482400887126897,13.59466004861863,8.20415776354519,3.8,-21.0,-33.0,,
426770,0006953,œufs,,,,,3.8,,,8.441889479399995,18.451143793742
427181,0007100,0.0,3.7173935649074576,0.6325379377281846,33.85700485698322,19.185743036230242,3.8,0.0,0.0,,
427181,0007101,2.0,4.012601423967976,2.177822665314207,33.85700485698322,19.185743036230242,3.8,244.0,8.0,,
427181,0007102,4.0,4.2961353828973845,2.430161068210584,33.85700485698322,19.185743036230242,3.8,12.0,7.0,,
427181,0007103,6.0,3.6979227513983703,2.7272084208307255,33.85700485698322,19.185743036230242,3.8,12.0,-14.0,,
427181,0007104,8.0,2.23499563485826,1.556261612238315,33.85700485698322,19.185743036230242,3.8,-43.0,-40.0,,
427181,0007105,10.0,1.4258202168226113,0.8286982811312268,33.85700485698322,19.185743036230242,3.8,-47.0,-36.0,,
427181,0007099,œufs,,,,,3.8,,,9.745911096607092,22.88745315019119
427184,0007107,0.0,2.6780725758318566,0.4483677841680459,18.246589513512724,8.637305362140877,3.1,0.0,0.0,,
427184,0007108,2.0,3.078506449908263,1.3907223580212795,18.246589513512724,8.637305362140877,3.1,210.0,15.0,,
427184,0007109,4.0,2.713378002432934,1.351053191093004,18.246589513512724,8.637305362140877,3.1,-3.0,-12.0,,
427184,0007110,6.0,1.4782603412641362,1.0098931461056782,18.246589513512724,8.637305362140877,3.1,-25.0,-46.0,,
427184,0007111,8.0,0.7747505460514355,0.5481037952647837,18.246589513512724,8.637305362140877,3.1,-46.0,-48.0,,
427184,0007106,œufs,,,,,3.1,,,5.951708229015297,10.922605524784958
427193,0007113,œufs,,,,,3.8,,,6.599125897540015,12.752443882164805
427202,0007120,œufs,,,,,3.8,,,7.937851890511993,16.823574946593865
427242,0007134,œufs,,,,,3.8,,,10.6954548571733,26.31253487367504
427266,0007140,0.0,2.3602712099463785,0.8700759734431228,10.945710028157297,6.782920118214717,3.8,0.0,0.0,,
427266,0007141,2.0,2.329425259848427,1.730961548584795,10.945710028157297,6.782920118214717,3.8,99.0,-1.0,,
427266,0007142,4.0,1.4889033203738173,1.0231184947710108,10.945710028157297,6.782920118214717,3.8,-41.0,-36.0,,
427266,0007143,6.0,0.7014851069502104,0.3675820937370406,10.945710028157297,6.782920118214717,3.8,-64.0,-53.0,,
427266,0007139,œufs,,,,,3.8,,,8.51326567313685,18.685644421487805
427276,0007147,0.0,3.6065733378354405,0.8196078546079169,18.60210507562479,8.685206900804976,3.8,0.0,0.0,,
427276,0007148,2.0,3.606027235605286,2.1100682877923242,18.60210507562479,8.685206900804976,3.8,157.0,-0.0,,
427276,0007149,4.0,2.72730812835685,1.34013398106562,18.60210507562479,8.685206900804976,3.8,-36.0,-24.0,,
427276,0007150,6.0,1.3495720281587962,0.6321417402666936,18.60210507562479,8.685206900804976,3.8,-53.0,-51.0,,
427305,0007158,2.0,2.6475317012834374,0.0,6.369375156763004,0.0,3.8,0.0,0.0,,
427305,0007159,4.0,1.5074824502900537,0.0,6.369375156763004,0.0,3.8,,-43.0,,
427305,0007153,œufs,,,,,3.8,,,12.12732543609177,31.76957084461569
427305,0007156,œufs,,,,,3.8,,,10.142267843943554,24.29776981890529
