Id_poisson,Volume_gonades,Volume_cavite,Volume_moyen_oeufs_mm3,Fecondite_estimee
427237,2.9248,,,
426687,2.6126,6.3717,,
427181,12.4524,21.0103,,
421717,5.4439,9.0204,,
421737,5.9954,9.3735,,
421755,3.1246,5.6519,,
422069,13.3198,23.7284,,
422078,5.3095,8.8037,,
422080,11.9267,19.4668,,
356302,1.4727,3.8891,,
356859,4.2932,6.7114,,
356868,5.2135,8.9180,,
356877,1.1692,2.1606,,
356918,2.7408,6.0191,,
356948,5.6416,10.6140,,
421713,10.2193,16.5804,15.1,679
405826,6.4749,11.4083,8.0,814
405924,5.6825,9.6923,20.9,272
406037,6.4517,12.2559,15.5,415
406070,2.8239,5.0531,10.3,273
406320,1.8562,3.5105,1.1,1762
406377,3.2573,6.2294,2.6,1255
406648,8.1714,17.8367,11.7,695
406703,1.7911,3.8528,9.5,188
406707,3.9769,7.6848,6.8,583
406889,6.0934,11.8162,11.5,532
406915,4.7793,9.5941,6.4,751
406931,2.5898,4.4176,2.7,944
